kitchen_id,date,actual_demand,prepared_quantity,waste_quantity,shortage_quantity,attendance_variation,menu_type,is_holiday,is_exam_week,is_event_day,event_name,temperature,rainfall,predicted_demand,selected_model,data_source,meal_session,is_augmented
JU_BH1,2026-03-14,2189,2340,155.12,0.0,-0.02057239442436469,festive,0,0,0,none,29.0,0.2,,,ingested:local:mess_demand.csv,daily_aggregate,1
JU_BH1,2026-03-15,1891,2000,107.55,0.0,-0.0014612168512212085,light_weekend,0,0,0,none,27.0,22.8,,,ingested:local:mess_demand.csv,daily_aggregate,1
JU_BH1,2026-03-16,2093,2235,137.68,0.0,0.027399092184164756,protein_rich,0,0,0,none,26.2,5.3,,,ingested:local:mess_demand.csv,daily_aggregate,1
JU_BH1,2026-03-17,2203,2329,129.72,0.0,0.0021535006265692293,regular,0,0,0,none,26.6,0.6,,,ingested:local:mess_demand.csv,daily_aggregate,1
JU_BH1,2026-03-18,2121,2259,135.91,0.0,-0.023512072187449728,regional_special,0,0,0,none,26.3,6.4,,,ingested:local:mess_demand.csv,daily_aggregate,1
JU_BH1,2026-03-19,2268,2395,129.72,0.0,0.019012249371427304,comfort_food,0,0,0,none,26.0,9.5,,,ingested:local:mess_demand.csv,daily_aggregate,1
JU_BH1,2026-03-20,2063,2178,111.78,0.0,-0.0009026103213963016,regular,1,0,0,none,25.5,16.8,,,ingested:local:mess_demand.csv,daily_aggregate,1
JU_BH1,2026-03-21,1900,2026,119.76,0.0,0.004365725866928292,festive,1,0,0,none,22.0,7.0,,,ingested:local:mess_demand.csv,daily_aggregate,1
JU_BH1,2026-03-22,1651,1734,88.16,0.0,-0.00613891076447427,light_weekend,0,0,0,none,22.9,0.3,,,ingested:local:mess_demand.csv,daily_aggregate,1
JU_BH1,2026-03-23,2233,2386,147.66,0.0,-0.003013720847332731,protein_rich,0,0,0,none,25.4,0.8,,,ingested:local:mess_demand.csv,daily_aggregate,1
JU_BH1,2026-03-24,2235,2375,134.1,0.0,0.01816516035326418,regular,0,0,0,none,27.4,0.0,,,ingested:local:mess_demand.csv,daily_aggregate,1
JU_BH1,2026-03-25,2051,2185,129.32,0.0,-0.008499448750060031,regional_special,0,0,0,none,27.9,0.4,,,ingested:local:mess_demand.csv,daily_aggregate,1
JU_BH1,2026-03-26,2087,2205,120.2,0.0,-0.0040830054225488655,comfort_food,0,0,0,none,28.8,0.5,,,ingested:local:mess_demand.csv,daily_aggregate,1
JU_BH1,2026-03-27,2036,2142,103.24,0.0,-0.022963214260402563,regular,0,0,0,none,30.3,0.0,,,ingested:local:mess_demand.csv,daily_aggregate,1
JU_BH1,2026-03-28,2163,2320,170.39,0.0,0.07935626996156829,festive,0,0,0,none,26.8,16.0,,,ingested:local:mess_demand.csv,daily_aggregate,1
JU_BH1,2026-03-29,1708,1803,90.7,0.0,0.004117883330281812,light_weekend,1,0,0,none,27.6,8.8,,,ingested:local:mess_demand.csv,daily_aggregate,1
JU_BH1,2026-03-30,2066,2179,113.47,0.0,0.021217270322274384,protein_rich,0,0,0,none,28.2,1.5,,,ingested:local:mess_demand.csv,daily_aggregate,1
JU_BH1,2026-03-31,2193,2310,110.8,0.0,-0.0002257508549637635,regular,0,0,0,none,27.2,2.9,,,ingested:local:mess_demand.csv,daily_aggregate,1
JU_BH1,2026-04-01,2268,2426,153.65,0.0,0.004804464418428944,regional_special,0,0,0,none,29.7,0.0,,,ingested:local:mess_demand.csv,daily_aggregate,1
JU_BH1,2026-04-02,2206,2318,110.1,0.0,0.010102367643116268,comfort_food,0,0,0,none,30.6,0.2,,,ingested:local:mess_demand.csv,daily_aggregate,1
JU_GH1,2026-03-14,1657,1754,96.45,0.0,-0.03389936970286811,festive,0,0,0,none,29.0,0.2,,,ingested:local:mess_demand.csv,daily_aggregate,1
JU_GH1,2026-03-15,1526,1632,100.48,0.0,0.02089221742747684,light_weekend,0,0,0,none,27.0,22.8,,,ingested:local:mess_demand.csv,daily_aggregate,1
JU_GH1,2026-03-16,1693,1793,99.57,0.0,-0.004626879927739287,protein_rich,0,0,0,none,26.2,5.3,,,ingested:local:mess_demand.csv,daily_aggregate,1
JU_GH1,2026-03-17,1736,1862,120.67,0.0,-0.010310662044345274,regular,0,0,0,none,26.6,0.6,,,ingested:local:mess_demand.csv,daily_aggregate,1
JU_GH1,2026-03-18,1715,1815,97.79,0.0,-0.024595472880659646,regional_special,0,0,0,none,26.3,6.4,,,ingested:local:mess_demand.csv,daily_aggregate,1
JU_GH1,2026-03-19,1769,1873,112.56,0.0,0.007053541506589498,comfort_food,0,0,0,none,26.0,9.5,,,ingested:local:mess_demand.csv,daily_aggregate,1
JU_GH1,2026-03-20,1619,1700,74.22,0.0,-0.001771558320724692,regular,1,0,0,none,25.5,16.8,,,ingested:local:mess_demand.csv,daily_aggregate,1
JU_GH1,2026-03-21,1486,1575,94.43,0.0,0.008248205212418883,festive,1,0,0,none,22.0,7.0,,,ingested:local:mess_demand.csv,daily_aggregate,1
JU_GH1,2026-03-22,1346,1432,85.64,0.0,0.009134333983777984,light_weekend,0,0,0,none,22.9,0.3,,,ingested:local:mess_demand.csv,daily_aggregate,1
JU_GH1,2026-03-23,1737,1814,83.85,0.0,0.006924204731306115,protein_rich,0,0,0,none,25.4,0.8,,,ingested:local:mess_demand.csv,daily_aggregate,1
JU_GH1,2026-03-24,1782,1896,112.83,0.0,-0.01887992961180251,regular,0,0,0,none,27.4,0.0,,,ingested:local:mess_demand.csv,daily_aggregate,1
JU_GH1,2026-03-25,1613,1694,80.01,0.0,0.026857749444345883,regional_special,0,0,0,none,27.9,0.4,,,ingested:local:mess_demand.csv,daily_aggregate,1
JU_GH1,2026-03-26,1527,1619,95.09,0.0,0.05825891040240601,comfort_food,0,0,0,none,28.8,0.5,,,ingested:local:mess_demand.csv,daily_aggregate,1
JU_GH1,2026-03-27,1659,1730,72.28,0.0,0.026109058353208855,regular,0,0,0,none,30.3,0.0,,,ingested:local:mess_demand.csv,daily_aggregate,1
JU_GH1,2026-03-28,1667,1762,92.7,0.0,0.01872195858715598,festive,0,0,0,none,26.8,16.0,,,ingested:local:mess_demand.csv,daily_aggregate,1
JU_GH1,2026-03-29,1316,1394,74.11,0.0,-0.018986033152009193,light_weekend,1,0,0,none,27.6,8.8,,,ingested:local:mess_demand.csv,daily_aggregate,1
JU_GH1,2026-03-30,1531,1598,67.9,0.0,0.023808327216888584,protein_rich,0,0,0,none,28.2,1.5,,,ingested:local:mess_demand.csv,daily_aggregate,1
JU_GH1,2026-03-31,1751,1856,109.81,0.0,0.031961291934039966,regular,0,0,0,none,27.2,2.9,,,ingested:local:mess_demand.csv,daily_aggregate,1
JU_GH1,2026-04-01,1775,1874,96.54,0.0,-0.035856241635455435,regional_special,0,0,0,none,29.7,0.0,,,ingested:local:mess_demand.csv,daily_aggregate,1
JU_GH1,2026-04-02,1782,1892,106.32,0.0,-0.003767479057843283,comfort_food,0,0,0,none,30.6,0.2,,,ingested:local:mess_demand.csv,daily_aggregate,1
CU_RAJA,2026-03-14,1838,1953,113.25,0.0,-0.00862424407321104,festive,0,0,0,none,29.0,0.2,,,ingested:local:mess_demand.csv,daily_aggregate,1
CU_RAJA,2026-03-15,1713,1804,91.52,0.0,0.005491966678660858,light_weekend,0,0,0,none,27.0,22.8,,,ingested:local:mess_demand.csv,daily_aggregate,1
CU_RAJA,2026-03-16,1940,2067,128.69,0.0,-0.028720750785606725,protein_rich,0,0,0,none,26.2,5.3,,,ingested:local:mess_demand.csv,daily_aggregate,1
CU_RAJA,2026-03-17,1956,2059,102.55,0.0,-0.026006436517037584,regular,0,0,0,none,26.6,0.6,,,ingested:local:mess_demand.csv,daily_aggregate,1
CU_RAJA,2026-03-18,1833,1946,110.8,0.0,-0.010494449080270574,regional_special,0,0,0,none,26.3,6.4,,,ingested:local:mess_demand.csv,daily_aggregate,1
CU_RAJA,2026-03-19,1957,2089,138.55,0.0,0.01275825847422909,comfort_food,0,0,0,none,26.0,9.5,,,ingested:local:mess_demand.csv,daily_aggregate,1
CU_RAJA,2026-03-20,1862,1966,104.17,0.0,-0.014437955596412323,regular,1,0,0,none,25.5,16.8,,,ingested:local:mess_demand.csv,daily_aggregate,1
CU_RAJA,2026-03-21,1717,1832,116.14,0.0,-0.018279601139290575,festive,1,0,0,none,22.0,7.0,,,ingested:local:mess_demand.csv,daily_aggregate,1
CU_RAJA,2026-03-22,1430,1509,80.22,0.0,-0.027298994085824792,light_weekend,0,0,0,none,22.9,0.3,,,ingested:local:mess_demand.csv,daily_aggregate,1
CU_RAJA,2026-03-23,1958,2085,124.68,0.0,0.005673194499015348,protein_rich,0,0,0,none,25.4,0.8,,,ingested:local:mess_demand.csv,daily_aggregate,1
CU_RAJA,2026-03-24,1855,1948,82.34,0.0,-0.006360214309571327,regular,0,0,0,none,27.4,0.0,,,ingested:local:mess_demand.csv,daily_aggregate,1
CU_RAJA,2026-03-25,1822,1914,90.92,0.0,0.025810547340757037,regional_special,0,0,0,none,27.9,0.4,,,ingested:local:mess_demand.csv,daily_aggregate,1
CU_RAJA,2026-03-26,1834,1971,131.93,0.0,0.0005292417443275527,comfort_food,0,0,0,none,28.8,0.5,,,ingested:local:mess_demand.csv,daily_aggregate,1
CU_RAJA,2026-03-27,1795,1906,113.27,0.0,0.007296292811431922,regular,0,0,0,none,30.3,0.0,,,ingested:local:mess_demand.csv,daily_aggregate,1
CU_RAJA,2026-03-28,1812,1917,99.81,0.0,0.0028334437429648747,festive,0,0,0,none,26.8,16.0,,,ingested:local:mess_demand.csv,daily_aggregate,1
CU_RAJA,2026-03-29,1457,1549,86.95,0.0,-0.01657759974807388,light_weekend,1,0,0,none,27.6,8.8,,,ingested:local:mess_demand.csv,daily_aggregate,1
CU_RAJA,2026-03-30,1800,1890,89.43,0.0,0.026405822189610614,protein_rich,0,0,0,none,28.2,1.5,,,ingested:local:mess_demand.csv,daily_aggregate,1
CU_RAJA,2026-03-31,1921,2034,108.84,0.0,0.02200827334448643,regular,0,0,0,none,27.2,2.9,,,ingested:local:mess_demand.csv,daily_aggregate,1
CU_RAJA,2026-04-01,1968,2071,100.29,0.0,-0.0008548311491353195,regional_special,0,0,0,none,29.7,0.0,,,ingested:local:mess_demand.csv,daily_aggregate,1
CU_RAJA,2026-04-02,1998,2126,132.39,0.0,-0.013441027185160905,comfort_food,0,0,0,none,30.6,0.2,,,ingested:local:mess_demand.csv,daily_aggregate,1
CU_EDEN,2026-03-14,2437,2576,146.59,0.0,-0.01613611126590835,festive,0,0,0,none,29.0,0.2,,,ingested:local:mess_demand.csv,daily_aggregate,1
CU_EDEN,2026-03-15,2223,2349,127.42,0.0,-0.005404384073011084,light_weekend,0,0,0,none,27.0,22.8,,,ingested:local:mess_demand.csv,daily_aggregate,1
CU_EDEN,2026-03-16,2504,2661,158.15,0.0,-0.013879192647267185,protein_rich,0,0,0,none,26.2,5.3,,,ingested:local:mess_demand.csv,daily_aggregate,1
CU_EDEN,2026-03-17,2592,2754,161.62,0.0,-0.009743679296374716,regular,0,0,0,none,26.6,0.6,,,ingested:local:mess_demand.csv,daily_aggregate,1
CU_EDEN,2026-03-18,2443,2569,120.76,0.0,0.01900155813016526,regional_special,0,0,0,none,26.3,6.4,,,ingested:local:mess_demand.csv,daily_aggregate,1
CU_EDEN,2026-03-19,2564,2743,181.03,0.0,-0.02523004400384299,comfort_food,0,0,0,none,26.0,9.5,,,ingested:local:mess_demand.csv,daily_aggregate,1
CU_EDEN,2026-03-20,2263,2404,136.33,0.0,-0.010381401310930651,regular,1,0,0,none,25.5,16.8,,,ingested:local:mess_demand.csv,daily_aggregate,1
CU_EDEN,2026-03-21,2282,2439,155.36,0.0,-0.01854954903766193,festive,1,0,0,none,22.0,7.0,,,ingested:local:mess_demand.csv,daily_aggregate,1
CU_EDEN,2026-03-22,1910,2033,127.64,0.0,0.00466359521520074,light_weekend,0,0,0,none,22.9,0.3,,,ingested:local:mess_demand.csv,daily_aggregate,1
CU_EDEN,2026-03-23,2553,2687,144.4,0.0,-0.022750819390034167,protein_rich,0,0,0,none,25.4,0.8,,,ingested:local:mess_demand.csv,daily_aggregate,1
CU_EDEN,2026-03-24,2555,2716,161.33,0.0,0.01396915264540231,regular,0,0,0,none,27.4,0.0,,,ingested:local:mess_demand.csv,daily_aggregate,1
CU_EDEN,2026-03-25,2406,2550,139.78,0.0,0.014100510662098095,regional_special,0,0,0,none,27.9,0.4,,,ingested:local:mess_demand.csv,daily_aggregate,1
CU_EDEN,2026-03-26,2373,2504,125.43,0.0,0.025942025955825343,comfort_food,0,0,0,none,28.8,0.5,,,ingested:local:mess_demand.csv,daily_aggregate,1
CU_EDEN,2026-03-27,2363,2485,120.47,0.0,-0.027544005905744046,regular,0,0,0,none,30.3,0.0,,,ingested:local:mess_demand.csv,daily_aggregate,1
CU_EDEN,2026-03-28,2384,2506,113.46,0.0,0.0032963920919353786,festive,0,0,0,none,26.8,16.0,,,ingested:local:mess_demand.csv,daily_aggregate,1
CU_EDEN,2026-03-29,1901,2007,103.84,0.0,0.048702252588353104,light_weekend,1,0,0,none,27.6,8.8,,,ingested:local:mess_demand.csv,daily_aggregate,1
CU_EDEN,2026-03-30,2414,2576,158.87,0.0,0.021466101192794032,protein_rich,0,0,0,none,28.2,1.5,,,ingested:local:mess_demand.csv,daily_aggregate,1
CU_EDEN,2026-03-31,2501,2629,128.74,0.0,-0.01301887297254288,regular,0,0,0,none,27.2,2.9,,,ingested:local:mess_demand.csv,daily_aggregate,1
CU_EDEN,2026-04-01,2568,2743,173.58,0.0,0.006483103146134538,regional_special,0,0,0,none,29.7,0.0,,,ingested:local:mess_demand.csv,daily_aggregate,1
CU_EDEN,2026-04-02,2592,2708,112.42,0.0,0.014687611616406075,comfort_food,0,0,0,none,30.6,0.2,,,ingested:local:mess_demand.csv,daily_aggregate,1
IIT_KGP_H1,2026-03-14,2847,3037,193.32,0.0,-0.014466086097927829,festive,0,0,0,none,29.0,0.2,,,ingested:local:mess_demand.csv,daily_aggregate,1
IIT_KGP_H1,2026-03-15,2547,2690,143.05,0.0,-0.003974406841968789,light_weekend,0,0,0,none,27.0,22.8,,,ingested:local:mess_demand.csv,daily_aggregate,1
IIT_KGP_H1,2026-03-16,2879,3053,170.76,0.0,0.01783043211920394,protein_rich,0,0,0,none,26.2,5.3,,,ingested:local:mess_demand.csv,daily_aggregate,1
IIT_KGP_H1,2026-03-17,2971,3144,177.17,0.0,0.015317322580132076,regular,0,0,0,none,26.6,0.6,,,ingested:local:mess_demand.csv,daily_aggregate,1
IIT_KGP_H1,2026-03-18,2875,3021,145.51,0.0,0.025256407327006708,regional_special,0,0,0,none,26.3,6.4,,,ingested:local:mess_demand.csv,daily_aggregate,1
IIT_KGP_H1,2026-03-19,3024,3216,189.59,0.0,-0.0211322207885528,comfort_food,0,0,0,none,26.0,9.5,,,ingested:local:mess_demand.csv,daily_aggregate,1
IIT_KGP_H1,2026-03-20,2721,2880,159.5,0.0,-0.014571261469577868,regular,1,0,0,none,25.5,16.8,,,ingested:local:mess_demand.csv,daily_aggregate,1
IIT_KGP_H1,2026-03-21,2655,2815,162.58,0.0,0.007762930094444115,festive,1,0,0,none,22.0,7.0,,,ingested:local:mess_demand.csv,daily_aggregate,1
IIT_KGP_H1,2026-03-22,2224,2358,136.31,0.0,0.01228402709978111,light_weekend,0,0,0,none,22.9,0.3,,,ingested:local:mess_demand.csv,daily_aggregate,1
IIT_KGP_H1,2026-03-23,3023,3153,126.48,0.0,-0.002509285158606169,protein_rich,0,0,0,none,25.4,0.8,,,ingested:local:mess_demand.csv,daily_aggregate,1
IIT_KGP_H1,2026-03-24,3024,3237,219.96,0.0,0.009443911685790025,regular,0,0,0,none,27.4,0.0,,,ingested:local:mess_demand.csv,daily_aggregate,1
IIT_KGP_H1,2026-03-25,2729,2926,193.94,0.0,0.023014401761011914,regional_special,0,0,0,none,27.9,0.4,,,ingested:local:mess_demand.csv,daily_aggregate,1
IIT_KGP_H1,2026-03-26,2769,2943,171.53,0.0,0.00919512737214503,comfort_food,0,0,0,none,28.8,0.5,,,ingested:local:mess_demand.csv,daily_aggregate,1
IIT_KGP_H1,2026-03-27,2759,2917,155.01,0.0,0.02700453316182212,regular,0,0,0,none,30.3,0.0,,,ingested:local:mess_demand.csv,daily_aggregate,1
IIT_KGP_H1,2026-03-28,2736,2914,180.63,0.0,0.018751687566372556,festive,0,0,0,none,26.8,16.0,,,ingested:local:mess_demand.csv,daily_aggregate,1
IIT_KGP_H1,2026-03-29,2196,2312,114.93,0.0,-0.008483143778146721,light_weekend,1,0,0,none,27.6,8.8,,,ingested:local:mess_demand.csv,daily_aggregate,1
IIT_KGP_H1,2026-03-30,2774,2935,158.93,0.0,0.010411541169968237,protein_rich,0,0,0,none,28.2,1.5,,,ingested:local:mess_demand.csv,daily_aggregate,1
IIT_KGP_H1,2026-03-31,2908,3077,174.07,0.0,-0.03030083924863732,regular,0,0,0,none,27.2,2.9,,,ingested:local:mess_demand.csv,daily_aggregate,1
IIT_KGP_H1,2026-04-01,3024,3197,182.14,0.0,-0.035984486550522374,regional_special,0,0,0,none,29.7,0.0,,,ingested:local:mess_demand.csv,daily_aggregate,1
IIT_KGP_H1,2026-04-02,3024,3199,177.96,0.0,-0.018429371917651424,comfort_food,0,0,0,none,30.6,0.2,,,ingested:local:mess_demand.csv,daily_aggregate,1
IEM_MAIN,2026-03-14,1785,1879,92.37,0.0,0.004595418869443792,festive,0,0,0,none,29.0,0.2,,,ingested:local:mess_demand.csv,daily_aggregate,1
IEM_MAIN,2026-03-15,1589,1657,63.35,0.0,0.0001580931636639749,light_weekend,0,0,0,none,27.0,22.8,,,ingested:local:mess_demand.csv,daily_aggregate,1
IEM_MAIN,2026-03-16,1779,1867,101.1,0.0,-0.006709862727261472,protein_rich,0,0,0,none,26.2,5.3,,,ingested:local:mess_demand.csv,daily_aggregate,1
IEM_MAIN,2026-03-17,1865,1993,130.69,0.0,-0.005941791490195568,regular,0,0,0,none,26.6,0.6,,,ingested:local:mess_demand.csv,daily_aggregate,1
IEM_MAIN,2026-03-18,1781,1875,91.02,0.0,0.02948435805583103,regional_special,0,0,0,none,26.3,6.4,,,ingested:local:mess_demand.csv,daily_aggregate,1
IEM_MAIN,2026-03-19,1865,1995,130.18,0.0,0.010969865306067226,comfort_food,0,0,0,none,26.0,9.5,,,ingested:local:mess_demand.csv,daily_aggregate,1
IEM_MAIN,2026-03-20,1678,1779,111.3,0.0,0.0012004125048402743,regular,1,0,0,none,25.5,16.8,,,ingested:local:mess_demand.csv,daily_aggregate,1
IEM_MAIN,2026-03-21,1577,1683,100.87,0.0,0.005284085175048873,festive,1,0,0,none,22.0,7.0,,,ingested:local:mess_demand.csv,daily_aggregate,1
IEM_MAIN,2026-03-22,1430,1528,108.39,0.0,0.03615774614441327,light_weekend,0,0,0,none,22.9,0.3,,,ingested:local:mess_demand.csv,daily_aggregate,1
IEM_MAIN,2026-03-23,1871,1970,98.92,0.0,0.01276110585098883,protein_rich,0,0,0,none,25.4,0.8,,,ingested:local:mess_demand.csv,daily_aggregate,1
IEM_MAIN,2026-03-24,1890,2018,127.49,0.0,0.031787193933622566,regular,0,0,0,none,27.4,0.0,,,ingested:local:mess_demand.csv,daily_aggregate,1
IEM_MAIN,2026-03-25,1734,1826,90.29,0.0,0.035780735041432234,regional_special,0,0,0,none,27.9,0.4,,,ingested:local:mess_demand.csv,daily_aggregate,1
IEM_MAIN,2026-03-26,1804,1911,102.12,0.0,0.031585906838920444,comfort_food,0,0,0,none,28.8,0.5,,,ingested:local:mess_demand.csv,daily_aggregate,1
IEM_MAIN,2026-03-27,1745,1850,104.51,0.0,-0.0011786329148868904,regular,0,0,0,none,30.3,0.0,,,ingested:local:mess_demand.csv,daily_aggregate,1
IEM_MAIN,2026-03-28,1726,1835,109.15,0.0,0.015855047784611963,festive,0,0,0,none,26.8,16.0,,,ingested:local:mess_demand.csv,daily_aggregate,1
IEM_MAIN,2026-03-29,1372,1445,76.05,0.0,-0.03706614267327611,light_weekend,1,0,0,none,27.6,8.8,,,ingested:local:mess_demand.csv,daily_aggregate,1
IEM_MAIN,2026-03-30,1707,1792,83.67,0.0,0.005770786515438105,protein_rich,0,0,0,none,28.2,1.5,,,ingested:local:mess_demand.csv,daily_aggregate,1
IEM_MAIN,2026-03-31,1783,1890,104.28,0.0,-0.023232350282543474,regular,0,0,0,none,27.2,2.9,,,ingested:local:mess_demand.csv,daily_aggregate,1
IEM_MAIN,2026-04-01,1857,1973,115.36,0.0,-0.005934963987415945,regional_special,0,0,0,none,29.7,0.0,,,ingested:local:mess_demand.csv,daily_aggregate,1
IEM_MAIN,2026-04-02,1882,1977,93.19,0.0,7.951437695489595e-05,comfort_food,0,0,0,none,30.6,0.2,,,ingested:local:mess_demand.csv,daily_aggregate,1
SXC_NORTH,2026-03-14,1301,1372,72.06,0.0,-0.012404706631830171,festive,0,0,0,none,29.0,0.2,,,ingested:local:mess_demand.csv,daily_aggregate,1
SXC_NORTH,2026-03-15,1268,1349,86.51,0.0,-5.3381227933797395e-05,light_weekend,0,0,0,none,27.0,22.8,,,ingested:local:mess_demand.csv,daily_aggregate,1
SXC_NORTH,2026-03-16,1397,1490,87.08,0.0,-0.028527764637523302,protein_rich,0,0,0,none,26.2,5.3,,,ingested:local:mess_demand.csv,daily_aggregate,1
SXC_NORTH,2026-03-17,1396,1482,81.1,0.0,-0.02295769192770655,regular,0,0,0,none,26.6,0.6,,,ingested:local:mess_demand.csv,daily_aggregate,1
SXC_NORTH,2026-03-18,1458,1535,82.62,0.0,-0.01489102974646863,regional_special,0,0,0,none,26.3,6.4,,,ingested:local:mess_demand.csv,daily_aggregate,1
SXC_NORTH,2026-03-19,1445,1526,87.48,0.0,0.013060784841231608,comfort_food,0,0,0,none,26.0,9.5,,,ingested:local:mess_demand.csv,daily_aggregate,1
SXC_NORTH,2026-03-20,1284,1354,63.5,0.0,0.013610321943404653,regular,1,0,0,none,25.5,16.8,,,ingested:local:mess_demand.csv,daily_aggregate,1
SXC_NORTH,2026-03-21,1254,1330,75.56,0.0,-0.019986415784671006,festive,1,0,0,none,22.0,7.0,,,ingested:local:mess_demand.csv,daily_aggregate,1
SXC_NORTH,2026-03-22,1106,1166,62.57,0.0,0.015389463647087168,light_weekend,0,0,0,none,22.9,0.3,,,ingested:local:mess_demand.csv,daily_aggregate,1
SXC_NORTH,2026-03-23,1458,1547,93.72,0.0,-0.004365401053022786,protein_rich,0,0,0,none,25.4,0.8,,,ingested:local:mess_demand.csv,daily_aggregate,1
SXC_NORTH,2026-03-24,1458,1544,89.94,0.0,-0.04123070924948396,regular,0,0,0,none,27.4,0.0,,,ingested:local:mess_demand.csv,daily_aggregate,1
SXC_NORTH,2026-03-25,1279,1350,63.17,0.0,-0.004886011076618819,regional_special,0,0,0,none,27.9,0.4,,,ingested:local:mess_demand.csv,daily_aggregate,1
SXC_NORTH,2026-03-26,1319,1399,86.92,0.0,0.015285837762574995,comfort_food,0,0,0,none,28.8,0.5,,,ingested:local:mess_demand.csv,daily_aggregate,1
SXC_NORTH,2026-03-27,1337,1408,72.13,0.0,-0.01527416356020648,regular,0,0,0,none,30.3,0.0,,,ingested:local:mess_demand.csv,daily_aggregate,1
SXC_NORTH,2026-03-28,1365,1444,83.03,0.0,-0.00518002460417364,festive,0,0,0,none,26.8,16.0,,,ingested:local:mess_demand.csv,daily_aggregate,1
SXC_NORTH,2026-03-29,1056,1121,61.77,0.0,-0.04076496362470144,light_weekend,1,0,0,none,27.6,8.8,,,ingested:local:mess_demand.csv,daily_aggregate,1
SXC_NORTH,2026-03-30,1317,1402,83.5,0.0,0.011110519174628046,protein_rich,0,0,0,none,28.2,1.5,,,ingested:local:mess_demand.csv,daily_aggregate,1
SXC_NORTH,2026-03-31,1409,1487,77.08,0.0,0.003938242189312251,regular,0,0,0,none,27.2,2.9,,,ingested:local:mess_demand.csv,daily_aggregate,1
SXC_NORTH,2026-04-01,1458,1549,88.62,0.0,-0.027437736083286115,regional_special,0,0,0,none,29.7,0.0,,,ingested:local:mess_demand.csv,daily_aggregate,1
SXC_NORTH,2026-04-02,1439,1535,94.48,0.0,0.00028702312045955685,comfort_food,0,0,0,none,30.6,0.2,,,ingested:local:mess_demand.csv,daily_aggregate,1
BESC_MAIN,2026-03-14,1543,1630,87.59,0.0,0.004886399484637135,festive,0,0,0,none,29.0,0.2,,,ingested:local:mess_demand.csv,daily_aggregate,1
BESC_MAIN,2026-03-15,1416,1490,63.94,0.0,0.014924962897460417,light_weekend,0,0,0,none,27.0,22.8,,,ingested:local:mess_demand.csv,daily_aggregate,1
BESC_MAIN,2026-03-16,1674,1788,119.15,0.0,0.0017945323322549648,protein_rich,0,0,0,none,26.2,5.3,,,ingested:local:mess_demand.csv,daily_aggregate,1
BESC_MAIN,2026-03-17,1629,1725,101.95,0.0,-0.023145266471583874,regular,0,0,0,none,26.6,0.6,,,ingested:local:mess_demand.csv,daily_aggregate,1
BESC_MAIN,2026-03-18,1510,1613,102.24,0.0,0.010352894115301341,regional_special,0,0,0,none,26.3,6.4,,,ingested:local:mess_demand.csv,daily_aggregate,1
BESC_MAIN,2026-03-19,1610,1701,98.61,0.0,-0.010039928256178441,comfort_food,0,0,0,none,26.0,9.5,,,ingested:local:mess_demand.csv,daily_aggregate,1
BESC_MAIN,2026-03-20,1514,1591,78.24,0.0,-0.01522581941914669,regular,1,0,0,none,25.5,16.8,,,ingested:local:mess_demand.csv,daily_aggregate,1
BESC_MAIN,2026-03-21,1431,1535,103.76,0.0,-0.009647774046769605,festive,1,0,0,none,22.0,7.0,,,ingested:local:mess_demand.csv,daily_aggregate,1
BESC_MAIN,2026-03-22,1251,1319,64.41,0.0,-0.020166621084875682,light_weekend,0,0,0,none,22.9,0.3,,,ingested:local:mess_demand.csv,daily_aggregate,1
BESC_MAIN,2026-03-23,1633,1718,84.57,0.0,0.005420422050211118,protein_rich,0,0,0,none,25.4,0.8,,,ingested:local:mess_demand.csv,daily_aggregate,1
BESC_MAIN,2026-03-24,1634,1720,91.27,0.0,0.03861649131422293,regular,0,0,0,none,27.4,0.0,,,ingested:local:mess_demand.csv,daily_aggregate,1
BESC_MAIN,2026-03-25,1514,1594,80.59,0.0,0.02074503121876722,regional_special,0,0,0,none,27.9,0.4,,,ingested:local:mess_demand.csv,daily_aggregate,1
BESC_MAIN,2026-03-26,1560,1642,87.39,0.0,0.006893200295051975,comfort_food,0,0,0,none,28.8,0.5,,,ingested:local:mess_demand.csv,daily_aggregate,1
BESC_MAIN,2026-03-27,1528,1616,83.62,0.0,0.02825098934613083,regular,0,0,0,none,30.3,0.0,,,ingested:local:mess_demand.csv,daily_aggregate,1
BESC_MAIN,2026-03-28,1545,1618,58.25,0.0,-0.006595266083129013,festive,0,0,0,none,26.8,16.0,,,ingested:local:mess_demand.csv,daily_aggregate,1
BESC_MAIN,2026-03-29,1236,1314,74.73,0.0,0.007275541219265656,light_weekend,1,0,0,none,27.6,8.8,,,ingested:local:mess_demand.csv,daily_aggregate,1
BESC_MAIN,2026-03-30,1510,1613,98.41,0.0,-0.022019578683464824,protein_rich,0,0,0,none,28.2,1.5,,,ingested:local:mess_demand.csv,daily_aggregate,1
BESC_MAIN,2026-03-31,1650,1751,102.62,0.0,0.004322701658147538,regular,0,0,0,none,27.2,2.9,,,ingested:local:mess_demand.csv,daily_aggregate,1
BESC_MAIN,2026-04-01,1674,1767,97.52,0.0,-0.046918284678382945,regional_special,0,0,0,none,29.7,0.0,,,ingested:local:mess_demand.csv,daily_aggregate,1
BESC_MAIN,2026-04-02,1674,1773,99.56,0.0,-0.0092792942059835,comfort_food,0,0,0,none,30.6,0.2,,,ingested:local:mess_demand.csv,daily_aggregate,1
NIT_DGP_A,2026-03-14,2305,2441,131.1,0.0,0.012278464226511633,festive,0,0,0,none,29.0,0.2,,,ingested:local:mess_demand.csv,daily_aggregate,1
NIT_DGP_A,2026-03-15,2153,2281,128.13,0.0,-0.02336985316287007,light_weekend,0,0,0,none,27.0,22.8,,,ingested:local:mess_demand.csv,daily_aggregate,1
NIT_DGP_A,2026-03-16,2326,2464,130.2,0.0,0.02458784907221681,protein_rich,0,0,0,none,26.2,5.3,,,ingested:local:mess_demand.csv,daily_aggregate,1
NIT_DGP_A,2026-03-17,2421,2561,145.6,0.0,-0.003053771593594736,regular,0,0,0,none,26.6,0.6,,,ingested:local:mess_demand.csv,daily_aggregate,1
NIT_DGP_A,2026-03-18,2279,2410,129.81,0.0,0.012219335093338808,regional_special,0,0,0,none,26.3,6.4,,,ingested:local:mess_demand.csv,daily_aggregate,1
NIT_DGP_A,2026-03-19,2422,2571,144.06,0.0,-0.04720034309721911,comfort_food,0,0,0,none,26.0,9.5,,,ingested:local:mess_demand.csv,daily_aggregate,1
NIT_DGP_A,2026-03-20,2220,2366,159.94,0.0,-0.01686967414412983,regular,1,0,0,none,25.5,16.8,,,ingested:local:mess_demand.csv,daily_aggregate,1
NIT_DGP_A,2026-03-21,2171,2320,149.84,0.0,0.03191803674966935,festive,1,0,0,none,22.0,7.0,,,ingested:local:mess_demand.csv,daily_aggregate,1
NIT_DGP_A,2026-03-22,1847,1959,111.27,0.0,0.014025989462679165,light_weekend,0,0,0,none,22.9,0.3,,,ingested:local:mess_demand.csv,daily_aggregate,1
NIT_DGP_A,2026-03-23,2484,2640,152.09,0.0,0.017704806808342983,protein_rich,0,0,0,none,25.4,0.8,,,ingested:local:mess_demand.csv,daily_aggregate,1
NIT_DGP_A,2026-03-24,2405,2538,130.57,0.0,0.03323472424613734,regular,0,0,0,none,27.4,0.0,,,ingested:local:mess_demand.csv,daily_aggregate,1
NIT_DGP_A,2026-03-25,2240,2385,153.61,0.0,0.015004592185814085,regional_special,0,0,0,none,27.9,0.4,,,ingested:local:mess_demand.csv,daily_aggregate,1
NIT_DGP_A,2026-03-26,2307,2440,122.15,0.0,0.004002564818961548,comfort_food,0,0,0,none,28.8,0.5,,,ingested:local:mess_demand.csv,daily_aggregate,1
NIT_DGP_A,2026-03-27,2189,2312,116.82,0.0,-0.019278221659680298,regular,0,0,0,none,30.3,0.0,,,ingested:local:mess_demand.csv,daily_aggregate,1
NIT_DGP_A,2026-03-28,2329,2438,110.48,0.0,-0.014755058634292734,festive,0,0,0,none,26.8,16.0,,,ingested:local:mess_demand.csv,daily_aggregate,1
NIT_DGP_A,2026-03-29,1814,1925,108.47,0.0,0.023322929072383248,light_weekend,1,0,0,none,27.6,8.8,,,ingested:local:mess_demand.csv,daily_aggregate,1
NIT_DGP_A,2026-03-30,2295,2432,128.31,0.0,-0.005735548860194673,protein_rich,0,0,0,none,28.2,1.5,,,ingested:local:mess_demand.csv,daily_aggregate,1
NIT_DGP_A,2026-03-31,2388,2537,152.19,0.0,0.03460545694555272,regular,0,0,0,none,27.2,2.9,,,ingested:local:mess_demand.csv,daily_aggregate,1
NIT_DGP_A,2026-04-01,2484,2669,190.48,0.0,-0.028592642885367576,regional_special,0,0,0,none,29.7,0.0,,,ingested:local:mess_demand.csv,daily_aggregate,1
NIT_DGP_A,2026-04-02,2481,2613,124.37,0.0,0.013308221442504702,comfort_food,0,0,0,none,30.6,0.2,,,ingested:local:mess_demand.csv,daily_aggregate,1
IIEST_SHIB,2026-03-14,2048,2171,125.67,0.0,0.025203444163189006,festive,0,0,0,none,29.0,0.2,,,ingested:local:mess_demand.csv,daily_aggregate,1
IIEST_SHIB,2026-03-15,1885,1980,92.08,0.0,0.026167750492465464,light_weekend,0,0,0,none,27.0,22.8,,,ingested:local:mess_demand.csv,daily_aggregate,1
IIEST_SHIB,2026-03-16,2162,2304,142.37,0.0,-0.0015323575417991511,protein_rich,0,0,0,none,26.2,5.3,,,ingested:local:mess_demand.csv,daily_aggregate,1
IIEST_SHIB,2026-03-17,2117,2251,131.18,0.0,-0.002155862023887139,regular,0,0,0,none,26.6,0.6,,,ingested:local:mess_demand.csv,daily_aggregate,1
IIEST_SHIB,2026-03-18,2159,2272,117.19,0.0,0.01663123311627794,regional_special,0,0,0,none,26.3,6.4,,,ingested:local:mess_demand.csv,daily_aggregate,1
IIEST_SHIB,2026-03-19,2157,2264,107.37,0.0,0.008202952247061104,comfort_food,0,0,0,none,26.0,9.5,,,ingested:local:mess_demand.csv,daily_aggregate,1
IIEST_SHIB,2026-03-20,1933,2056,115.58,0.0,0.0012670785362842993,regular,1,0,0,none,25.5,16.8,,,ingested:local:mess_demand.csv,daily_aggregate,1
IIEST_SHIB,2026-03-21,1879,1987,109.9,0.0,0.025930605863478885,festive,1,0,0,none,22.0,7.0,,,ingested:local:mess_demand.csv,daily_aggregate,1
IIEST_SHIB,2026-03-22,1658,1740,80.68,0.0,-0.0033267794215161694,light_weekend,0,0,0,none,22.9,0.3,,,ingested:local:mess_demand.csv,daily_aggregate,1
IIEST_SHIB,2026-03-23,2214,2364,148.81,0.0,0.005269527487991376,protein_rich,0,0,0,none,25.4,0.8,,,ingested:local:mess_demand.csv,daily_aggregate,1
IIEST_SHIB,2026-03-24,2186,2334,153.45,0.0,0.0020654674696606724,regular,0,0,0,none,27.4,0.0,,,ingested:local:mess_demand.csv,daily_aggregate,1
IIEST_SHIB,2026-03-25,1937,2060,121.68,0.0,-0.0019454743944848786,regional_special,0,0,0,none,27.9,0.4,,,ingested:local:mess_demand.csv,daily_aggregate,1
IIEST_SHIB,2026-03-26,2068,2193,131.0,0.0,0.036659055330610237,comfort_food,0,0,0,none,28.8,0.5,,,ingested:local:mess_demand.csv,daily_aggregate,1
IIEST_SHIB,2026-03-27,1990,2104,118.25,0.0,-0.035158398004130696,regular,0,0,0,none,30.3,0.0,,,ingested:local:mess_demand.csv,daily_aggregate,1
IIEST_SHIB,2026-03-28,2086,2223,143.6,0.0,0.03728503296246565,festive,0,0,0,none,26.8,16.0,,,ingested:local:mess_demand.csv,daily_aggregate,1
IIEST_SHIB,2026-03-29,1613,1716,101.0,0.0,-0.004706527499852454,light_weekend,1,0,0,none,27.6,8.8,,,ingested:local:mess_demand.csv,daily_aggregate,1
IIEST_SHIB,2026-03-30,1930,2050,119.26,0.0,0.015793869132194393,protein_rich,0,0,0,none,28.2,1.5,,,ingested:local:mess_demand.csv,daily_aggregate,1
IIEST_SHIB,2026-03-31,2184,2330,149.15,0.0,-0.0014977081309134777,regular,0,0,0,none,27.2,2.9,,,ingested:local:mess_demand.csv,daily_aggregate,1
IIEST_SHIB,2026-04-01,2182,2344,150.65,0.0,0.003697574784129503,regional_special,0,0,0,none,29.7,0.0,,,ingested:local:mess_demand.csv,daily_aggregate,1
IIEST_SHIB,2026-04-02,2214,2380,158.5,0.0,0.0024896461646316302,comfort_food,0,0,0,none,30.6,0.2,,,ingested:local:mess_demand.csv,daily_aggregate,1
